kode_provinsi,nama_provinsi,tingkat_pendidikan,kelompok_usia,jumlah_guru
11,"Prov. Nanggroe Aceh Darussalam","TK","30 ke bawah",3203
11,"Prov. Nanggroe Aceh Darussalam","TK","31 - 35",1652
11,"Prov. Nanggroe Aceh Darussalam","TK","36 - 40",1227
11,"Prov. Nanggroe Aceh Darussalam","TK","41 - 45",1089
11,"Prov. Nanggroe Aceh Darussalam","TK","46 - 50",647
11,"Prov. Nanggroe Aceh Darussalam","TK","51 - 55",342
11,"Prov. Nanggroe Aceh Darussalam","TK","56 ke atas",72
11,"Prov. Nanggroe Aceh Darussalam","SD","30 ke bawah",13968
11,"Prov. Nanggroe Aceh Darussalam","SD","31 - 35",6266
11,"Prov. Nanggroe Aceh Darussalam","SD","36 - 40",4467
11,"Prov. Nanggroe Aceh Darussalam","SD","41 - 45",7223
11,"Prov. Nanggroe Aceh Darussalam","SD","46 - 50",5936
11,"Prov. Nanggroe Aceh Darussalam","SD","51 - 55",6503
11,"Prov. Nanggroe Aceh Darussalam","SD","56 ke atas",3057
11,"Prov. Nanggroe Aceh Darussalam","SMP","30 ke bawah",3588
11,"Prov. Nanggroe Aceh Darussalam","SMP","31 - 35",2515
11,"Prov. Nanggroe Aceh Darussalam","SMP","36 - 40",1933
11,"Prov. Nanggroe Aceh Darussalam","SMP","41 - 45",2985
11,"Prov. Nanggroe Aceh Darussalam","SMP","46 - 50",3150
11,"Prov. Nanggroe Aceh Darussalam","SMP","51 - 55",2465
11,"Prov. Nanggroe Aceh Darussalam","SMP","56 ke atas",1135
11,"Prov. Nanggroe Aceh Darussalam","SMA","30 ke bawah",2248
11,"Prov. Nanggroe Aceh Darussalam","SMA","31 - 35",2057
11,"Prov. Nanggroe Aceh Darussalam","SMA","36 - 40",1555
11,"Prov. Nanggroe Aceh Darussalam","SMA","41 - 45",1587
11,"Prov. Nanggroe Aceh Darussalam","SMA","46 - 50",1698
11,"Prov. Nanggroe Aceh Darussalam","SMA","51 - 55",1199
11,"Prov. Nanggroe Aceh Darussalam","SMA","56 ke atas",624
11,"Prov. Nanggroe Aceh Darussalam","SMK","30 ke bawah",859
11,"Prov. Nanggroe Aceh Darussalam","SMK","31 - 35",771
11,"Prov. Nanggroe Aceh Darussalam","SMK","36 - 40",614
11,"Prov. Nanggroe Aceh Darussalam","SMK","41 - 45",506
11,"Prov. Nanggroe Aceh Darussalam","SMK","46 - 50",475
11,"Prov. Nanggroe Aceh Darussalam","SMK","51 - 55",266
11,"Prov. Nanggroe Aceh Darussalam","SMK","56 ke atas",124
11,"Prov. Nanggroe Aceh Darussalam","SLB","30 ke bawah",20
11,"Prov. Nanggroe Aceh Darussalam","SLB","31 - 35",6
11,"Prov. Nanggroe Aceh Darussalam","SLB","36 - 40",8
11,"Prov. Nanggroe Aceh Darussalam","SLB","41 - 45",16
11,"Prov. Nanggroe Aceh Darussalam","SLB","46 - 50",16
11,"Prov. Nanggroe Aceh Darussalam","SLB","51 - 55",4
11,"Prov. Nanggroe Aceh Darussalam","SLB","56 ke atas",
12,"Prov. Sumatera Utara","TK","30 ke bawah",2536
12,"Prov. Sumatera Utara","TK","31 - 35",1180
12,"Prov. Sumatera Utara","TK","36 - 40",836
12,"Prov. Sumatera Utara","TK","41 - 45",873
12,"Prov. Sumatera Utara","TK","46 - 50",619
12,"Prov. Sumatera Utara","TK","51 - 55",308
12,"Prov. Sumatera Utara","TK","56 ke atas",99
12,"Prov. Sumatera Utara","SD","30 ke bawah",20398
12,"Prov. Sumatera Utara","SD","31 - 35",9603
12,"Prov. Sumatera Utara","SD","36 - 40",7392
12,"Prov. Sumatera Utara","SD","41 - 45",15922
12,"Prov. Sumatera Utara","SD","46 - 50",21338
12,"Prov. Sumatera Utara","SD","51 - 55",18131
12,"Prov. Sumatera Utara","SD","56 ke atas",9304
12,"Prov. Sumatera Utara","SMP","30 ke bawah",6603
12,"Prov. Sumatera Utara","SMP","31 - 35",4940
12,"Prov. Sumatera Utara","SMP","36 - 40",4260
12,"Prov. Sumatera Utara","SMP","41 - 45",5809
12,"Prov. Sumatera Utara","SMP","46 - 50",7486
12,"Prov. Sumatera Utara","SMP","51 - 55",5119
12,"Prov. Sumatera Utara","SMP","56 ke atas",2002
12,"Prov. Sumatera Utara","SMA","30 ke bawah",3231
12,"Prov. Sumatera Utara","SMA","31 - 35",2821
12,"Prov. Sumatera Utara","SMA","36 - 40",2456
12,"Prov. Sumatera Utara","SMA","41 - 45",2910
12,"Prov. Sumatera Utara","SMA","46 - 50",3093
12,"Prov. Sumatera Utara","SMA","51 - 55",2213
12,"Prov. Sumatera Utara","SMA","56 ke atas",1127
12,"Prov. Sumatera Utara","SMK","30 ke bawah",2686
12,"Prov. Sumatera Utara","SMK","31 - 35",1900
12,"Prov. Sumatera Utara","SMK","36 - 40",1643
12,"Prov. Sumatera Utara","SMK","41 - 45",1608
12,"Prov. Sumatera Utara","SMK","46 - 50",1732
12,"Prov. Sumatera Utara","SMK","51 - 55",998
12,"Prov. Sumatera Utara","SMK","56 ke atas",464
12,"Prov. Sumatera Utara","SLB","30 ke bawah",8
12,"Prov. Sumatera Utara","SLB","31 - 35",24
12,"Prov. Sumatera Utara","SLB","36 - 40",30
12,"Prov. Sumatera Utara","SLB","41 - 45",40
12,"Prov. Sumatera Utara","SLB","46 - 50",35
12,"Prov. Sumatera Utara","SLB","51 - 55",15
12,"Prov. Sumatera Utara","SLB","56 ke atas",7
13,"Prov. Sumatera Barat","TK","30 ke bawah",2382
13,"Prov. Sumatera Barat","TK","31 - 35",1462
13,"Prov. Sumatera Barat","TK","36 - 40",1209
13,"Prov. Sumatera Barat","TK","41 - 45",1032
13,"Prov. Sumatera Barat","TK","46 - 50",720
13,"Prov. Sumatera Barat","TK","51 - 55",214
13,"Prov. Sumatera Barat","TK","56 ke atas",145
13,"Prov. Sumatera Barat","SD","30 ke bawah",9371
13,"Prov. Sumatera Barat","SD","31 - 35",3870
13,"Prov. Sumatera Barat","SD","36 - 40",3163
13,"Prov. Sumatera Barat","SD","41 - 45",8422
13,"Prov. Sumatera Barat","SD","46 - 50",9344
13,"Prov. Sumatera Barat","SD","51 - 55",5320
13,"Prov. Sumatera Barat","SD","56 ke atas",3878
13,"Prov. Sumatera Barat","SMP","30 ke bawah",1855
13,"Prov. Sumatera Barat","SMP","31 - 35",1655
13,"Prov. Sumatera Barat","SMP","36 - 40",1638
13,"Prov. Sumatera Barat","SMP","41 - 45",2361
13,"Prov. Sumatera Barat","SMP","46 - 50",4240
13,"Prov. Sumatera Barat","SMP","51 - 55",3219
13,"Prov. Sumatera Barat","SMP","56 ke atas",1231
13,"Prov. Sumatera Barat","SMA","30 ke bawah",1009
13,"Prov. Sumatera Barat","SMA","31 - 35",1169
13,"Prov. Sumatera Barat","SMA","36 - 40",1224
13,"Prov. Sumatera Barat","SMA","41 - 45",1364
13,"Prov. Sumatera Barat","SMA","46 - 50",2077
13,"Prov. Sumatera Barat","SMA","51 - 55",1453
13,"Prov. Sumatera Barat","SMA","56 ke atas",683
13,"Prov. Sumatera Barat","SMK","30 ke bawah",685
13,"Prov. Sumatera Barat","SMK","31 - 35",805
13,"Prov. Sumatera Barat","SMK","36 - 40",772
13,"Prov. Sumatera Barat","SMK","41 - 45",709
13,"Prov. Sumatera Barat","SMK","46 - 50",1118
13,"Prov. Sumatera Barat","SMK","51 - 55",535
13,"Prov. Sumatera Barat","SMK","56 ke atas",253
13,"Prov. Sumatera Barat","SLB","30 ke bawah",58
13,"Prov. Sumatera Barat","SLB","31 - 35",38
13,"Prov. Sumatera Barat","SLB","36 - 40",59
13,"Prov. Sumatera Barat","SLB","41 - 45",117
13,"Prov. Sumatera Barat","SLB","46 - 50",150
13,"Prov. Sumatera Barat","SLB","51 - 55",18
13,"Prov. Sumatera Barat","SLB","56 ke atas",7
14,"Prov. Riau","TK","30 ke bawah",2972
14,"Prov. Riau","TK","31 - 35",1536
14,"Prov. Riau","TK","36 - 40",1068
14,"Prov. Riau","TK","41 - 45",816
14,"Prov. Riau","TK","46 - 50",481
14,"Prov. Riau","TK","51 - 55",119
14,"Prov. Riau","TK","56 ke atas",85
14,"Prov. Riau","SD","30 ke bawah",11367
14,"Prov. Riau","SD","31 - 35",6712
14,"Prov. Riau","SD","36 - 40",4765
14,"Prov. Riau","SD","41 - 45",7298
14,"Prov. Riau","SD","46 - 50",7122
14,"Prov. Riau","SD","51 - 55",4366
14,"Prov. Riau","SD","56 ke atas",1984
14,"Prov. Riau","SMP","30 ke bawah",2153
14,"Prov. Riau","SMP","31 - 35",2324
14,"Prov. Riau","SMP","36 - 40",2332
14,"Prov. Riau","SMP","41 - 45",2671
14,"Prov. Riau","SMP","46 - 50",2352
14,"Prov. Riau","SMP","51 - 55",1434
14,"Prov. Riau","SMP","56 ke atas",593
14,"Prov. Riau","SMA","30 ke bawah",1187
14,"Prov. Riau","SMA","31 - 35",1494
14,"Prov. Riau","SMA","36 - 40",1511
14,"Prov. Riau","SMA","41 - 45",1300
14,"Prov. Riau","SMA","46 - 50",1181
14,"Prov. Riau","SMA","51 - 55",666
14,"Prov. Riau","SMA","56 ke atas",241
14,"Prov. Riau","SMK","30 ke bawah",720
14,"Prov. Riau","SMK","31 - 35",794
14,"Prov. Riau","SMK","36 - 40",725
14,"Prov. Riau","SMK","41 - 45",517
14,"Prov. Riau","SMK","46 - 50",453
14,"Prov. Riau","SMK","51 - 55",225
14,"Prov. Riau","SMK","56 ke atas",88
14,"Prov. Riau","SLB","30 ke bawah",17
14,"Prov. Riau","SLB","31 - 35",23
14,"Prov. Riau","SLB","36 - 40",32
14,"Prov. Riau","SLB","41 - 45",32
14,"Prov. Riau","SLB","46 - 50",23
14,"Prov. Riau","SLB","51 - 55",9
14,"Prov. Riau","SLB","56 ke atas",2
15,"Prov. Jambi","TK","30 ke bawah",1239
15,"Prov. Jambi","TK","31 - 35",684
15,"Prov. Jambi","TK","36 - 40",544
15,"Prov. Jambi","TK","41 - 45",526
15,"Prov. Jambi","TK","46 - 50",337
15,"Prov. Jambi","TK","51 - 55",131
15,"Prov. Jambi","TK","56 ke atas",32
15,"Prov. Jambi","SD","30 ke bawah",4454
15,"Prov. Jambi","SD","31 - 35",2318
15,"Prov. Jambi","SD","36 - 40",1906
15,"Prov. Jambi","SD","41 - 45",4185
15,"Prov. Jambi","SD","46 - 50",5347
15,"Prov. Jambi","SD","51 - 55",4643
15,"Prov. Jambi","SD","56 ke atas",2066
15,"Prov. Jambi","SMP","30 ke bawah",1108
15,"Prov. Jambi","SMP","31 - 35",1147
15,"Prov. Jambi","SMP","36 - 40",1101
15,"Prov. Jambi","SMP","41 - 45",1382
15,"Prov. Jambi","SMP","46 - 50",1699
15,"Prov. Jambi","SMP","51 - 55",891
15,"Prov. Jambi","SMP","56 ke atas",402
15,"Prov. Jambi","SMA","30 ke bawah",571
15,"Prov. Jambi","SMA","31 - 35",648
15,"Prov. Jambi","SMA","36 - 40",570
15,"Prov. Jambi","SMA","41 - 45",693
15,"Prov. Jambi","SMA","46 - 50",627
15,"Prov. Jambi","SMA","51 - 55",280
15,"Prov. Jambi","SMA","56 ke atas",171
15,"Prov. Jambi","SMK","30 ke bawah",245
15,"Prov. Jambi","SMK","31 - 35",265
15,"Prov. Jambi","SMK","36 - 40",273
15,"Prov. Jambi","SMK","41 - 45",280
15,"Prov. Jambi","SMK","46 - 50",277
15,"Prov. Jambi","SMK","51 - 55",131
15,"Prov. Jambi","SMK","56 ke atas",76
15,"Prov. Jambi","SLB","30 ke bawah",1
15,"Prov. Jambi","SLB","31 - 35",1
15,"Prov. Jambi","SLB","36 - 40",1
15,"Prov. Jambi","SLB","41 - 45",14
15,"Prov. Jambi","SLB","46 - 50",14
15,"Prov. Jambi","SLB","51 - 55",5
15,"Prov. Jambi","SLB","56 ke atas",4
16,"Prov. Sumatera Selatan","TK","30 ke bawah",2200
16,"Prov. Sumatera Selatan","TK","31 - 35",964
16,"Prov. Sumatera Selatan","TK","36 - 40",668
16,"Prov. Sumatera Selatan","TK","41 - 45",865
16,"Prov. Sumatera Selatan","TK","46 - 50",487
16,"Prov. Sumatera Selatan","TK","51 - 55",189
16,"Prov. Sumatera Selatan","TK","56 ke atas",117
16,"Prov. Sumatera Selatan","SD","30 ke bawah",13146
16,"Prov. Sumatera Selatan","SD","31 - 35",4832
16,"Prov. Sumatera Selatan","SD","36 - 40",3730
16,"Prov. Sumatera Selatan","SD","41 - 45",12275
16,"Prov. Sumatera Selatan","SD","46 - 50",12938
16,"Prov. Sumatera Selatan","SD","51 - 55",7978
16,"Prov. Sumatera Selatan","SD","56 ke atas",4277
16,"Prov. Sumatera Selatan","SMP","30 ke bawah",4095
16,"Prov. Sumatera Selatan","SMP","31 - 35",3364
16,"Prov. Sumatera Selatan","SMP","36 - 40",2713
16,"Prov. Sumatera Selatan","SMP","41 - 45",3144
16,"Prov. Sumatera Selatan","SMP","46 - 50",3245
16,"Prov. Sumatera Selatan","SMP","51 - 55",1679
16,"Prov. Sumatera Selatan","SMP","56 ke atas",724
16,"Prov. Sumatera Selatan","SMA","30 ke bawah",2320
16,"Prov. Sumatera Selatan","SMA","31 - 35",2201
16,"Prov. Sumatera Selatan","SMA","36 - 40",1728
16,"Prov. Sumatera Selatan","SMA","41 - 45",1638
16,"Prov. Sumatera Selatan","SMA","46 - 50",1477
16,"Prov. Sumatera Selatan","SMA","51 - 55",630
16,"Prov. Sumatera Selatan","SMA","56 ke atas",323
16,"Prov. Sumatera Selatan","SMK","30 ke bawah",814
16,"Prov. Sumatera Selatan","SMK","31 - 35",695
16,"Prov. Sumatera Selatan","SMK","36 - 40",615
16,"Prov. Sumatera Selatan","SMK","41 - 45",530
16,"Prov. Sumatera Selatan","SMK","46 - 50",539
16,"Prov. Sumatera Selatan","SMK","51 - 55",350
16,"Prov. Sumatera Selatan","SMK","56 ke atas",168
16,"Prov. Sumatera Selatan","SLB","30 ke bawah",3
16,"Prov. Sumatera Selatan","SLB","31 - 35",2
16,"Prov. Sumatera Selatan","SLB","36 - 40",6
16,"Prov. Sumatera Selatan","SLB","41 - 45",10
16,"Prov. Sumatera Selatan","SLB","46 - 50",13
16,"Prov. Sumatera Selatan","SLB","51 - 55",11
16,"Prov. Sumatera Selatan","SLB","56 ke atas",6
17,"Prov. Bengkulu","TK","30 ke bawah",759
17,"Prov. Bengkulu","TK","31 - 35",391
17,"Prov. Bengkulu","TK","36 - 40",336
17,"Prov. Bengkulu","TK","41 - 45",275
17,"Prov. Bengkulu","TK","46 - 50",144
17,"Prov. Bengkulu","TK","51 - 55",50
17,"Prov. Bengkulu","TK","56 ke atas",24
17,"Prov. Bengkulu","SD","30 ke bawah",2979
17,"Prov. Bengkulu","SD","31 - 35",1139
17,"Prov. Bengkulu","SD","36 - 40",1118
17,"Prov. Bengkulu","SD","41 - 45",2817
17,"Prov. Bengkulu","SD","46 - 50",3200
17,"Prov. Bengkulu","SD","51 - 55",2652
17,"Prov. Bengkulu","SD","56 ke atas",1263
17,"Prov. Bengkulu","SMP","30 ke bawah",1267
17,"Prov. Bengkulu","SMP","31 - 35",1163
17,"Prov. Bengkulu","SMP","36 - 40",716
17,"Prov. Bengkulu","SMP","41 - 45",914
17,"Prov. Bengkulu","SMP","46 - 50",942
17,"Prov. Bengkulu","SMP","51 - 55",631
17,"Prov. Bengkulu","SMP","56 ke atas",232
17,"Prov. Bengkulu","SMA","30 ke bawah",696
17,"Prov. Bengkulu","SMA","31 - 35",715
17,"Prov. Bengkulu","SMA","36 - 40",481
17,"Prov. Bengkulu","SMA","41 - 45",370
17,"Prov. Bengkulu","SMA","46 - 50",436
17,"Prov. Bengkulu","SMA","51 - 55",167
17,"Prov. Bengkulu","SMA","56 ke atas",90
17,"Prov. Bengkulu","SMK","30 ke bawah",369
17,"Prov. Bengkulu","SMK","31 - 35",389
17,"Prov. Bengkulu","SMK","36 - 40",231
17,"Prov. Bengkulu","SMK","41 - 45",176
17,"Prov. Bengkulu","SMK","46 - 50",228
17,"Prov. Bengkulu","SMK","51 - 55",119
17,"Prov. Bengkulu","SMK","56 ke atas",71
17,"Prov. Bengkulu","SLB","30 ke bawah",18
17,"Prov. Bengkulu","SLB","31 - 35",4
17,"Prov. Bengkulu","SLB","36 - 40",6
17,"Prov. Bengkulu","SLB","41 - 45",13
17,"Prov. Bengkulu","SLB","46 - 50",22
17,"Prov. Bengkulu","SLB","51 - 55",15
17,"Prov. Bengkulu","SLB","56 ke atas",9
18,"Prov. Lampung","TK","30 ke bawah",2838
18,"Prov. Lampung","TK","31 - 35",1656
18,"Prov. Lampung","TK","36 - 40",1409
18,"Prov. Lampung","TK","41 - 45",1956
18,"Prov. Lampung","TK","46 - 50",958
18,"Prov. Lampung","TK","51 - 55",185
18,"Prov. Lampung","TK","56 ke atas",126
18,"Prov. Lampung","SD","30 ke bawah",10538
18,"Prov. Lampung","SD","31 - 35",4517
18,"Prov. Lampung","SD","36 - 40",3616
18,"Prov. Lampung","SD","41 - 45",10826
18,"Prov. Lampung","SD","46 - 50",13585
18,"Prov. Lampung","SD","51 - 55",9289
18,"Prov. Lampung","SD","56 ke atas",6257
18,"Prov. Lampung","SMP","30 ke bawah",3162
18,"Prov. Lampung","SMP","31 - 35",2692
18,"Prov. Lampung","SMP","36 - 40",2353
18,"Prov. Lampung","SMP","41 - 45",3354
18,"Prov. Lampung","SMP","46 - 50",4312
18,"Prov. Lampung","SMP","51 - 55",1967
18,"Prov. Lampung","SMP","56 ke atas",961
18,"Prov. Lampung","SMA","30 ke bawah",1505
18,"Prov. Lampung","SMA","31 - 35",1590
18,"Prov. Lampung","SMA","36 - 40",1269
18,"Prov. Lampung","SMA","41 - 45",1429
18,"Prov. Lampung","SMA","46 - 50",1566
18,"Prov. Lampung","SMA","51 - 55",813
18,"Prov. Lampung","SMA","56 ke atas",402
18,"Prov. Lampung","SMK","30 ke bawah",983
18,"Prov. Lampung","SMK","31 - 35",953
18,"Prov. Lampung","SMK","36 - 40",779
18,"Prov. Lampung","SMK","41 - 45",663
18,"Prov. Lampung","SMK","46 - 50",742
18,"Prov. Lampung","SMK","51 - 55",378
18,"Prov. Lampung","SMK","56 ke atas",170
18,"Prov. Lampung","SLB","30 ke bawah",36
18,"Prov. Lampung","SLB","31 - 35",25
18,"Prov. Lampung","SLB","36 - 40",25
18,"Prov. Lampung","SLB","41 - 45",33
18,"Prov. Lampung","SLB","46 - 50",62
18,"Prov. Lampung","SLB","51 - 55",17
18,"Prov. Lampung","SLB","56 ke atas",4
19,"Prov. Kepulauan Bangka Belitung","TK","30 ke bawah",433
19,"Prov. Kepulauan Bangka Belitung","TK","31 - 35",209
19,"Prov. Kepulauan Bangka Belitung","TK","36 - 40",164
19,"Prov. Kepulauan Bangka Belitung","TK","41 - 45",208
19,"Prov. Kepulauan Bangka Belitung","TK","46 - 50",78
19,"Prov. Kepulauan Bangka Belitung","TK","51 - 55",27
19,"Prov. Kepulauan Bangka Belitung","TK","56 ke atas",18
19,"Prov. Kepulauan Bangka Belitung","SD","30 ke bawah",1480
19,"Prov. Kepulauan Bangka Belitung","SD","31 - 35",837
19,"Prov. Kepulauan Bangka Belitung","SD","36 - 40",656
19,"Prov. Kepulauan Bangka Belitung","SD","41 - 45",1730
19,"Prov. Kepulauan Bangka Belitung","SD","46 - 50",2230
19,"Prov. Kepulauan Bangka Belitung","SD","51 - 55",1485
19,"Prov. Kepulauan Bangka Belitung","SD","56 ke atas",702
19,"Prov. Kepulauan Bangka Belitung","SMP","30 ke bawah",567
19,"Prov. Kepulauan Bangka Belitung","SMP","31 - 35",544
19,"Prov. Kepulauan Bangka Belitung","SMP","36 - 40",379
19,"Prov. Kepulauan Bangka Belitung","SMP","41 - 45",532
19,"Prov. Kepulauan Bangka Belitung","SMP","46 - 50",407
19,"Prov. Kepulauan Bangka Belitung","SMP","51 - 55",184
19,"Prov. Kepulauan Bangka Belitung","SMP","56 ke atas",98
19,"Prov. Kepulauan Bangka Belitung","SMA","30 ke bawah",279
19,"Prov. Kepulauan Bangka Belitung","SMA","31 - 35",336
19,"Prov. Kepulauan Bangka Belitung","SMA","36 - 40",237
19,"Prov. Kepulauan Bangka Belitung","SMA","41 - 45",273
19,"Prov. Kepulauan Bangka Belitung","SMA","46 - 50",209
19,"Prov. Kepulauan Bangka Belitung","SMA","51 - 55",68
19,"Prov. Kepulauan Bangka Belitung","SMA","56 ke atas",25
19,"Prov. Kepulauan Bangka Belitung","SMK","30 ke bawah",201
19,"Prov. Kepulauan Bangka Belitung","SMK","31 - 35",298
19,"Prov. Kepulauan Bangka Belitung","SMK","36 - 40",189
19,"Prov. Kepulauan Bangka Belitung","SMK","41 - 45",173
19,"Prov. Kepulauan Bangka Belitung","SMK","46 - 50",165
19,"Prov. Kepulauan Bangka Belitung","SMK","51 - 55",68
19,"Prov. Kepulauan Bangka Belitung","SMK","56 ke atas",32
19,"Prov. Kepulauan Bangka Belitung","SLB","30 ke bawah",21
19,"Prov. Kepulauan Bangka Belitung","SLB","31 - 35",22
19,"Prov. Kepulauan Bangka Belitung","SLB","36 - 40",11
19,"Prov. Kepulauan Bangka Belitung","SLB","41 - 45",22
19,"Prov. Kepulauan Bangka Belitung","SLB","46 - 50",19
19,"Prov. Kepulauan Bangka Belitung","SLB","51 - 55",9
19,"Prov. Kepulauan Bangka Belitung","SLB","56 ke atas",
21,"Prov. Kepulauan Riau","TK","30 ke bawah",555
21,"Prov. Kepulauan Riau","TK","31 - 35",495
21,"Prov. Kepulauan Riau","TK","36 - 40",392
21,"Prov. Kepulauan Riau","TK","41 - 45",323
21,"Prov. Kepulauan Riau","TK","46 - 50",128
21,"Prov. Kepulauan Riau","TK","51 - 55",43
21,"Prov. Kepulauan Riau","TK","56 ke atas",19
21,"Prov. Kepulauan Riau","SD","30 ke bawah",2535
21,"Prov. Kepulauan Riau","SD","31 - 35",1743
21,"Prov. Kepulauan Riau","SD","36 - 40",1326
21,"Prov. Kepulauan Riau","SD","41 - 45",1924
21,"Prov. Kepulauan Riau","SD","46 - 50",1466
21,"Prov. Kepulauan Riau","SD","51 - 55",782
21,"Prov. Kepulauan Riau","SD","56 ke atas",405
21,"Prov. Kepulauan Riau","SMP","30 ke bawah",526
21,"Prov. Kepulauan Riau","SMP","31 - 35",600
21,"Prov. Kepulauan Riau","SMP","36 - 40",622
21,"Prov. Kepulauan Riau","SMP","41 - 45",739
21,"Prov. Kepulauan Riau","SMP","46 - 50",515
21,"Prov. Kepulauan Riau","SMP","51 - 55",187
21,"Prov. Kepulauan Riau","SMP","56 ke atas",91
21,"Prov. Kepulauan Riau","SMA","30 ke bawah",323
21,"Prov. Kepulauan Riau","SMA","31 - 35",364
21,"Prov. Kepulauan Riau","SMA","36 - 40",381
21,"Prov. Kepulauan Riau","SMA","41 - 45",325
21,"Prov. Kepulauan Riau","SMA","46 - 50",242
21,"Prov. Kepulauan Riau","SMA","51 - 55",89
21,"Prov. Kepulauan Riau","SMA","56 ke atas",29
21,"Prov. Kepulauan Riau","SMK","30 ke bawah",195
21,"Prov. Kepulauan Riau","SMK","31 - 35",205
21,"Prov. Kepulauan Riau","SMK","36 - 40",231
21,"Prov. Kepulauan Riau","SMK","41 - 45",192
21,"Prov. Kepulauan Riau","SMK","46 - 50",141
21,"Prov. Kepulauan Riau","SMK","51 - 55",55
21,"Prov. Kepulauan Riau","SMK","56 ke atas",18
21,"Prov. Kepulauan Riau","SLB","30 ke bawah",29
21,"Prov. Kepulauan Riau","SLB","31 - 35",13
21,"Prov. Kepulauan Riau","SLB","36 - 40",26
21,"Prov. Kepulauan Riau","SLB","41 - 45",18
21,"Prov. Kepulauan Riau","SLB","46 - 50",21
21,"Prov. Kepulauan Riau","SLB","51 - 55",5
21,"Prov. Kepulauan Riau","SLB","56 ke atas",
31,"Prov. DKI Jakarta","TK","30 ke bawah",2599
31,"Prov. DKI Jakarta","TK","31 - 35",2709
31,"Prov. DKI Jakarta","TK","36 - 40",2269
31,"Prov. DKI Jakarta","TK","41 - 45",2137
31,"Prov. DKI Jakarta","TK","46 - 50",1385
31,"Prov. DKI Jakarta","TK","51 - 55",637
31,"Prov. DKI Jakarta","TK","56 ke atas",404
31,"Prov. DKI Jakarta","SD","30 ke bawah",4345
31,"Prov. DKI Jakarta","SD","31 - 35",4304
31,"Prov. DKI Jakarta","SD","36 - 40",3451
31,"Prov. DKI Jakarta","SD","41 - 45",4687
31,"Prov. DKI Jakarta","SD","46 - 50",7559
31,"Prov. DKI Jakarta","SD","51 - 55",7614
31,"Prov. DKI Jakarta","SD","56 ke atas",5489
31,"Prov. DKI Jakarta","SMP","30 ke bawah",1034
31,"Prov. DKI Jakarta","SMP","31 - 35",1673
31,"Prov. DKI Jakarta","SMP","36 - 40",1983
31,"Prov. DKI Jakarta","SMP","41 - 45",3612
31,"Prov. DKI Jakarta","SMP","46 - 50",3889
31,"Prov. DKI Jakarta","SMP","51 - 55",3374
31,"Prov. DKI Jakarta","SMP","56 ke atas",2184
31,"Prov. DKI Jakarta","SMA","30 ke bawah",596
31,"Prov. DKI Jakarta","SMA","31 - 35",1203
31,"Prov. DKI Jakarta","SMA","36 - 40",1386
31,"Prov. DKI Jakarta","SMA","41 - 45",2153
31,"Prov. DKI Jakarta","SMA","46 - 50",2435
31,"Prov. DKI Jakarta","SMA","51 - 55",2074
31,"Prov. DKI Jakarta","SMA","56 ke atas",1342
31,"Prov. DKI Jakarta","SMK","30 ke bawah",1033
31,"Prov. DKI Jakarta","SMK","31 - 35",1349
31,"Prov. DKI Jakarta","SMK","36 - 40",1497
31,"Prov. DKI Jakarta","SMK","41 - 45",2056
31,"Prov. DKI Jakarta","SMK","46 - 50",1981
31,"Prov. DKI Jakarta","SMK","51 - 55",1240
31,"Prov. DKI Jakarta","SMK","56 ke atas",724
31,"Prov. DKI Jakarta","SLB","30 ke bawah",33
31,"Prov. DKI Jakarta","SLB","31 - 35",32
31,"Prov. DKI Jakarta","SLB","36 - 40",48
31,"Prov. DKI Jakarta","SLB","41 - 45",121
31,"Prov. DKI Jakarta","SLB","46 - 50",113
31,"Prov. DKI Jakarta","SLB","51 - 55",94
31,"Prov. DKI Jakarta","SLB","56 ke atas",38
32,"Prov. Jawa Barat","TK","30 ke bawah",7919
32,"Prov. Jawa Barat","TK","31 - 35",5744
32,"Prov. Jawa Barat","TK","36 - 40",4507
32,"Prov. Jawa Barat","TK","41 - 45",5371
32,"Prov. Jawa Barat","TK","46 - 50",3008
32,"Prov. Jawa Barat","TK","51 - 55",725
32,"Prov. Jawa Barat","TK","56 ke atas",435
32,"Prov. Jawa Barat","SD","30 ke bawah",37631
32,"Prov. Jawa Barat","SD","31 - 35",18490
32,"Prov. Jawa Barat","SD","36 - 40",15058
32,"Prov. Jawa Barat","SD","41 - 45",34480
32,"Prov. Jawa Barat","SD","46 - 50",47987
32,"Prov. Jawa Barat","SD","51 - 55",37004
32,"Prov. Jawa Barat","SD","56 ke atas",18251
32,"Prov. Jawa Barat","SMP","30 ke bawah",8709
32,"Prov. Jawa Barat","SMP","31 - 35",8483
32,"Prov. Jawa Barat","SMP","36 - 40",8253
32,"Prov. Jawa Barat","SMP","41 - 45",13785
32,"Prov. Jawa Barat","SMP","46 - 50",12806
32,"Prov. Jawa Barat","SMP","51 - 55",6978
32,"Prov. Jawa Barat","SMP","56 ke atas",2572
32,"Prov. Jawa Barat","SMA","30 ke bawah",2623
32,"Prov. Jawa Barat","SMA","31 - 35",3378
32,"Prov. Jawa Barat","SMA","36 - 40",3237
32,"Prov. Jawa Barat","SMA","41 - 45",4596
32,"Prov. Jawa Barat","SMA","46 - 50",5719
32,"Prov. Jawa Barat","SMA","51 - 55",3901
32,"Prov. Jawa Barat","SMA","56 ke atas",1468
32,"Prov. Jawa Barat","SMK","30 ke bawah",4295
32,"Prov. Jawa Barat","SMK","31 - 35",3851
32,"Prov. Jawa Barat","SMK","36 - 40",3339
32,"Prov. Jawa Barat","SMK","41 - 45",3115
32,"Prov. Jawa Barat","SMK","46 - 50",2779
32,"Prov. Jawa Barat","SMK","51 - 55",1896
32,"Prov. Jawa Barat","SMK","56 ke atas",861
32,"Prov. Jawa Barat","SLB","30 ke bawah",486
32,"Prov. Jawa Barat","SLB","31 - 35",225
32,"Prov. Jawa Barat","SLB","36 - 40",330
32,"Prov. Jawa Barat","SLB","41 - 45",567
32,"Prov. Jawa Barat","SLB","46 - 50",799
32,"Prov. Jawa Barat","SLB","51 - 55",280
32,"Prov. Jawa Barat","SLB","56 ke atas",123
33,"Prov. Jawa Tengah","TK","30 ke bawah",8174
33,"Prov. Jawa Tengah","TK","31 - 35",6826
33,"Prov. Jawa Tengah","TK","36 - 40",5806
33,"Prov. Jawa Tengah","TK","41 - 45",6671
33,"Prov. Jawa Tengah","TK","46 - 50",6182
33,"Prov. Jawa Tengah","TK","51 - 55",3792
33,"Prov. Jawa Tengah","TK","56 ke atas",2086
33,"Prov. Jawa Tengah","SD","30 ke bawah",29321
33,"Prov. Jawa Tengah","SD","31 - 35",14839
33,"Prov. Jawa Tengah","SD","36 - 40",9823
33,"Prov. Jawa Tengah","SD","41 - 45",22426
33,"Prov. Jawa Tengah","SD","46 - 50",38700
33,"Prov. Jawa Tengah","SD","51 - 55",39496
33,"Prov. Jawa Tengah","SD","56 ke atas",26540
33,"Prov. Jawa Tengah","SMP","30 ke bawah",5163
33,"Prov. Jawa Tengah","SMP","31 - 35",7162
33,"Prov. Jawa Tengah","SMP","36 - 40",7470
33,"Prov. Jawa Tengah","SMP","41 - 45",13154
33,"Prov. Jawa Tengah","SMP","46 - 50",15105
33,"Prov. Jawa Tengah","SMP","51 - 55",9747
33,"Prov. Jawa Tengah","SMP","56 ke atas",3782
33,"Prov. Jawa Tengah","SMA","30 ke bawah",1629
33,"Prov. Jawa Tengah","SMA","31 - 35",2577
33,"Prov. Jawa Tengah","SMA","36 - 40",2986
33,"Prov. Jawa Tengah","SMA","41 - 45",4190
33,"Prov. Jawa Tengah","SMA","46 - 50",4708
33,"Prov. Jawa Tengah","SMA","51 - 55",3331
33,"Prov. Jawa Tengah","SMA","56 ke atas",1904
33,"Prov. Jawa Tengah","SMK","30 ke bawah",3515
33,"Prov. Jawa Tengah","SMK","31 - 35",4005
33,"Prov. Jawa Tengah","SMK","36 - 40",3650
33,"Prov. Jawa Tengah","SMK","41 - 45",3919
33,"Prov. Jawa Tengah","SMK","46 - 50",3962
33,"Prov. Jawa Tengah","SMK","51 - 55",2437
33,"Prov. Jawa Tengah","SMK","56 ke atas",1241
33,"Prov. Jawa Tengah","SLB","30 ke bawah",114
33,"Prov. Jawa Tengah","SLB","31 - 35",109
33,"Prov. Jawa Tengah","SLB","36 - 40",113
33,"Prov. Jawa Tengah","SLB","41 - 45",203
33,"Prov. Jawa Tengah","SLB","46 - 50",315
33,"Prov. Jawa Tengah","SLB","51 - 55",302
33,"Prov. Jawa Tengah","SLB","56 ke atas",138
34,"Prov. D I Yogyakarta","TK","30 ke bawah",1345
34,"Prov. D I Yogyakarta","TK","31 - 35",1265
34,"Prov. D I Yogyakarta","TK","36 - 40",1141
34,"Prov. D I Yogyakarta","TK","41 - 45",1841
34,"Prov. D I Yogyakarta","TK","46 - 50",1727
34,"Prov. D I Yogyakarta","TK","51 - 55",680
34,"Prov. D I Yogyakarta","TK","56 ke atas",241
34,"Prov. D I Yogyakarta","SD","30 ke bawah",2796
34,"Prov. D I Yogyakarta","SD","31 - 35",1986
34,"Prov. D I Yogyakarta","SD","36 - 40",1893
34,"Prov. D I Yogyakarta","SD","41 - 45",3267
34,"Prov. D I Yogyakarta","SD","46 - 50",3224
34,"Prov. D I Yogyakarta","SD","51 - 55",4130
34,"Prov. D I Yogyakarta","SD","56 ke atas",3288
34,"Prov. D I Yogyakarta","SMP","30 ke bawah",740
34,"Prov. D I Yogyakarta","SMP","31 - 35",775
34,"Prov. D I Yogyakarta","SMP","36 - 40",777
34,"Prov. D I Yogyakarta","SMP","41 - 45",1690
34,"Prov. D I Yogyakarta","SMP","46 - 50",2365
34,"Prov. D I Yogyakarta","SMP","51 - 55",2225
34,"Prov. D I Yogyakarta","SMP","56 ke atas",1100
34,"Prov. D I Yogyakarta","SMA","30 ke bawah",361
34,"Prov. D I Yogyakarta","SMA","31 - 35",506
34,"Prov. D I Yogyakarta","SMA","36 - 40",580
34,"Prov. D I Yogyakarta","SMA","41 - 45",924
34,"Prov. D I Yogyakarta","SMA","46 - 50",1097
34,"Prov. D I Yogyakarta","SMA","51 - 55",934
34,"Prov. D I Yogyakarta","SMA","56 ke atas",607
34,"Prov. D I Yogyakarta","SMK","30 ke bawah",811
34,"Prov. D I Yogyakarta","SMK","31 - 35",893
34,"Prov. D I Yogyakarta","SMK","36 - 40",923
34,"Prov. D I Yogyakarta","SMK","41 - 45",904
34,"Prov. D I Yogyakarta","SMK","46 - 50",1126
34,"Prov. D I Yogyakarta","SMK","51 - 55",982
34,"Prov. D I Yogyakarta","SMK","56 ke atas",547
34,"Prov. D I Yogyakarta","SLB","30 ke bawah",92
34,"Prov. D I Yogyakarta","SLB","31 - 35",69
34,"Prov. D I Yogyakarta","SLB","36 - 40",114
34,"Prov. D I Yogyakarta","SLB","41 - 45",204
34,"Prov. D I Yogyakarta","SLB","46 - 50",184
34,"Prov. D I Yogyakarta","SLB","51 - 55",227
34,"Prov. D I Yogyakarta","SLB","56 ke atas",155
35,"Prov. Jawa Timur","TK","30 ke bawah",16640
35,"Prov. Jawa Timur","TK","31 - 35",11420
35,"Prov. Jawa Timur","TK","36 - 40",9702
35,"Prov. Jawa Timur","TK","41 - 45",10450
35,"Prov. Jawa Timur","TK","46 - 50",7235
35,"Prov. Jawa Timur","TK","51 - 55",2906
35,"Prov. Jawa Timur","TK","56 ke atas",1752
35,"Prov. Jawa Timur","SD","30 ke bawah",47196
35,"Prov. Jawa Timur","SD","31 - 35",20309
35,"Prov. Jawa Timur","SD","36 - 40",15142
35,"Prov. Jawa Timur","SD","41 - 45",23059
35,"Prov. Jawa Timur","SD","46 - 50",40216
35,"Prov. Jawa Timur","SD","51 - 55",43010
35,"Prov. Jawa Timur","SD","56 ke atas",28960
35,"Prov. Jawa Timur","SMP","30 ke bawah",8667
35,"Prov. Jawa Timur","SMP","31 - 35",8245
35,"Prov. Jawa Timur","SMP","36 - 40",8460
35,"Prov. Jawa Timur","SMP","41 - 45",16045
35,"Prov. Jawa Timur","SMP","46 - 50",17527
35,"Prov. Jawa Timur","SMP","51 - 55",9811
35,"Prov. Jawa Timur","SMP","56 ke atas",3313
35,"Prov. Jawa Timur","SMA","30 ke bawah",3077
35,"Prov. Jawa Timur","SMA","31 - 35",3527
35,"Prov. Jawa Timur","SMA","36 - 40",3678
35,"Prov. Jawa Timur","SMA","41 - 45",5466
35,"Prov. Jawa Timur","SMA","46 - 50",6266
35,"Prov. Jawa Timur","SMA","51 - 55",3982
35,"Prov. Jawa Timur","SMA","56 ke atas",2123
35,"Prov. Jawa Timur","SMK","30 ke bawah",4261
35,"Prov. Jawa Timur","SMK","31 - 35",4082
35,"Prov. Jawa Timur","SMK","36 - 40",3731
35,"Prov. Jawa Timur","SMK","41 - 45",4532
35,"Prov. Jawa Timur","SMK","46 - 50",4412
35,"Prov. Jawa Timur","SMK","51 - 55",2396
35,"Prov. Jawa Timur","SMK","56 ke atas",999
35,"Prov. Jawa Timur","SLB","30 ke bawah",152
35,"Prov. Jawa Timur","SLB","31 - 35",105
35,"Prov. Jawa Timur","SLB","36 - 40",107
35,"Prov. Jawa Timur","SLB","41 - 45",202
35,"Prov. Jawa Timur","SLB","46 - 50",260
35,"Prov. Jawa Timur","SLB","51 - 55",130
35,"Prov. Jawa Timur","SLB","56 ke atas",39
36,"Prov. Banten","TK","30 ke bawah",2134
36,"Prov. Banten","TK","31 - 35",1715
36,"Prov. Banten","TK","36 - 40",1321
36,"Prov. Banten","TK","41 - 45",1321
36,"Prov. Banten","TK","46 - 50",639
36,"Prov. Banten","TK","51 - 55",180
36,"Prov. Banten","TK","56 ke atas",70
36,"Prov. Banten","SD","30 ke bawah",12353
36,"Prov. Banten","SD","31 - 35",7617
36,"Prov. Banten","SD","36 - 40",6128
36,"Prov. Banten","SD","41 - 45",9938
36,"Prov. Banten","SD","46 - 50",9427
36,"Prov. Banten","SD","51 - 55",6493
36,"Prov. Banten","SD","56 ke atas",3782
36,"Prov. Banten","SMP","30 ke bawah",3364
36,"Prov. Banten","SMP","31 - 35",2735
36,"Prov. Banten","SMP","36 - 40",2496
36,"Prov. Banten","SMP","41 - 45",2961
36,"Prov. Banten","SMP","46 - 50",2485
36,"Prov. Banten","SMP","51 - 55",1030
36,"Prov. Banten","SMP","56 ke atas",393
36,"Prov. Banten","SMA","30 ke bawah",1224
36,"Prov. Banten","SMA","31 - 35",1390
36,"Prov. Banten","SMA","36 - 40",1274
36,"Prov. Banten","SMA","41 - 45",1397
36,"Prov. Banten","SMA","46 - 50",1202
36,"Prov. Banten","SMA","51 - 55",478
36,"Prov. Banten","SMA","56 ke atas",177
36,"Prov. Banten","SMK","30 ke bawah",1174
36,"Prov. Banten","SMK","31 - 35",1002
36,"Prov. Banten","SMK","36 - 40",812
36,"Prov. Banten","SMK","41 - 45",744
36,"Prov. Banten","SMK","46 - 50",565
36,"Prov. Banten","SMK","51 - 55",339
36,"Prov. Banten","SMK","56 ke atas",137
36,"Prov. Banten","SLB","30 ke bawah",102
36,"Prov. Banten","SLB","31 - 35",56
36,"Prov. Banten","SLB","36 - 40",52
36,"Prov. Banten","SLB","41 - 45",79
36,"Prov. Banten","SLB","46 - 50",57
36,"Prov. Banten","SLB","51 - 55",17
36,"Prov. Banten","SLB","56 ke atas",11
51,"Prov. Bali","TK","30 ke bawah",1545
51,"Prov. Bali","TK","31 - 35",885
51,"Prov. Bali","TK","36 - 40",760
51,"Prov. Bali","TK","41 - 45",1086
51,"Prov. Bali","TK","46 - 50",916
51,"Prov. Bali","TK","51 - 55",379
51,"Prov. Bali","TK","56 ke atas",177
51,"Prov. Bali","SD","30 ke bawah",4264
51,"Prov. Bali","SD","31 - 35",1344
51,"Prov. Bali","SD","36 - 40",1293
51,"Prov. Bali","SD","41 - 45",3210
51,"Prov. Bali","SD","46 - 50",6445
51,"Prov. Bali","SD","51 - 55",4913
51,"Prov. Bali","SD","56 ke atas",3456
51,"Prov. Bali","SMP","30 ke bawah",1238
51,"Prov. Bali","SMP","31 - 35",828
51,"Prov. Bali","SMP","36 - 40",679
51,"Prov. Bali","SMP","41 - 45",1499
51,"Prov. Bali","SMP","46 - 50",2767
51,"Prov. Bali","SMP","51 - 55",2177
51,"Prov. Bali","SMP","56 ke atas",1119
51,"Prov. Bali","SMA","30 ke bawah",539
51,"Prov. Bali","SMA","31 - 35",391
51,"Prov. Bali","SMA","36 - 40",313
51,"Prov. Bali","SMA","41 - 45",736
51,"Prov. Bali","SMA","46 - 50",1313
51,"Prov. Bali","SMA","51 - 55",1223
51,"Prov. Bali","SMA","56 ke atas",514
51,"Prov. Bali","SMK","30 ke bawah",590
51,"Prov. Bali","SMK","31 - 35",405
51,"Prov. Bali","SMK","36 - 40",322
51,"Prov. Bali","SMK","41 - 45",460
51,"Prov. Bali","SMK","46 - 50",621
51,"Prov. Bali","SMK","51 - 55",551
51,"Prov. Bali","SMK","56 ke atas",249
51,"Prov. Bali","SLB","30 ke bawah",54
51,"Prov. Bali","SLB","31 - 35",34
51,"Prov. Bali","SLB","36 - 40",26
51,"Prov. Bali","SLB","41 - 45",29
51,"Prov. Bali","SLB","46 - 50",41
51,"Prov. Bali","SLB","51 - 55",50
51,"Prov. Bali","SLB","56 ke atas",27
52,"Prov. Nusa Tenggara Barat","TK","30 ke bawah",1408
52,"Prov. Nusa Tenggara Barat","TK","31 - 35",839
52,"Prov. Nusa Tenggara Barat","TK","36 - 40",674
52,"Prov. Nusa Tenggara Barat","TK","41 - 45",739
52,"Prov. Nusa Tenggara Barat","TK","46 - 50",555
52,"Prov. Nusa Tenggara Barat","TK","51 - 55",168
52,"Prov. Nusa Tenggara Barat","TK","56 ke atas",31
52,"Prov. Nusa Tenggara Barat","SD","30 ke bawah",6991
52,"Prov. Nusa Tenggara Barat","SD","31 - 35",3400
52,"Prov. Nusa Tenggara Barat","SD","36 - 40",2955
52,"Prov. Nusa Tenggara Barat","SD","41 - 45",5094
52,"Prov. Nusa Tenggara Barat","SD","46 - 50",5705
52,"Prov. Nusa Tenggara Barat","SD","51 - 55",6163
52,"Prov. Nusa Tenggara Barat","SD","56 ke atas",3223
52,"Prov. Nusa Tenggara Barat","SMP","30 ke bawah",1211
52,"Prov. Nusa Tenggara Barat","SMP","31 - 35",1452
52,"Prov. Nusa Tenggara Barat","SMP","36 - 40",1473
52,"Prov. Nusa Tenggara Barat","SMP","41 - 45",2185
52,"Prov. Nusa Tenggara Barat","SMP","46 - 50",1749
52,"Prov. Nusa Tenggara Barat","SMP","51 - 55",977
52,"Prov. Nusa Tenggara Barat","SMP","56 ke atas",577
52,"Prov. Nusa Tenggara Barat","SMA","30 ke bawah",622
52,"Prov. Nusa Tenggara Barat","SMA","31 - 35",867
52,"Prov. Nusa Tenggara Barat","SMA","36 - 40",847
52,"Prov. Nusa Tenggara Barat","SMA","41 - 45",953
52,"Prov. Nusa Tenggara Barat","SMA","46 - 50",817
52,"Prov. Nusa Tenggara Barat","SMA","51 - 55",381
52,"Prov. Nusa Tenggara Barat","SMA","56 ke atas",217
52,"Prov. Nusa Tenggara Barat","SMK","30 ke bawah",451
52,"Prov. Nusa Tenggara Barat","SMK","31 - 35",516
52,"Prov. Nusa Tenggara Barat","SMK","36 - 40",376
52,"Prov. Nusa Tenggara Barat","SMK","41 - 45",410
52,"Prov. Nusa Tenggara Barat","SMK","46 - 50",377
52,"Prov. Nusa Tenggara Barat","SMK","51 - 55",166
52,"Prov. Nusa Tenggara Barat","SMK","56 ke atas",94
52,"Prov. Nusa Tenggara Barat","SLB","30 ke bawah",12
52,"Prov. Nusa Tenggara Barat","SLB","31 - 35",6
52,"Prov. Nusa Tenggara Barat","SLB","36 - 40",28
52,"Prov. Nusa Tenggara Barat","SLB","41 - 45",42
52,"Prov. Nusa Tenggara Barat","SLB","46 - 50",38
52,"Prov. Nusa Tenggara Barat","SLB","51 - 55",20
52,"Prov. Nusa Tenggara Barat","SLB","56 ke atas",7
53,"Prov. Nusa Tenggara Timur","TK","30 ke bawah",707
53,"Prov. Nusa Tenggara Timur","TK","31 - 35",461
53,"Prov. Nusa Tenggara Timur","TK","36 - 40",441
53,"Prov. Nusa Tenggara Timur","TK","41 - 45",808
53,"Prov. Nusa Tenggara Timur","TK","46 - 50",572
53,"Prov. Nusa Tenggara Timur","TK","51 - 55",196
53,"Prov. Nusa Tenggara Timur","TK","56 ke atas",57
53,"Prov. Nusa Tenggara Timur","SD","30 ke bawah",7797
53,"Prov. Nusa Tenggara Timur","SD","31 - 35",4184
53,"Prov. Nusa Tenggara Timur","SD","36 - 40",3006
53,"Prov. Nusa Tenggara Timur","SD","41 - 45",8256
53,"Prov. Nusa Tenggara Timur","SD","46 - 50",9608
53,"Prov. Nusa Tenggara Timur","SD","51 - 55",5740
53,"Prov. Nusa Tenggara Timur","SD","56 ke atas",3690
53,"Prov. Nusa Tenggara Timur","SMP","30 ke bawah",1631
53,"Prov. Nusa Tenggara Timur","SMP","31 - 35",1974
53,"Prov. Nusa Tenggara Timur","SMP","36 - 40",1409
53,"Prov. Nusa Tenggara Timur","SMP","41 - 45",1843
53,"Prov. Nusa Tenggara Timur","SMP","46 - 50",2101
53,"Prov. Nusa Tenggara Timur","SMP","51 - 55",1774
53,"Prov. Nusa Tenggara Timur","SMP","56 ke atas",1016
53,"Prov. Nusa Tenggara Timur","SMA","30 ke bawah",693
53,"Prov. Nusa Tenggara Timur","SMA","31 - 35",1066
53,"Prov. Nusa Tenggara Timur","SMA","36 - 40",874
53,"Prov. Nusa Tenggara Timur","SMA","41 - 45",799
53,"Prov. Nusa Tenggara Timur","SMA","46 - 50",810
53,"Prov. Nusa Tenggara Timur","SMA","51 - 55",624
53,"Prov. Nusa Tenggara Timur","SMA","56 ke atas",327
53,"Prov. Nusa Tenggara Timur","SMK","30 ke bawah",308
53,"Prov. Nusa Tenggara Timur","SMK","31 - 35",521
53,"Prov. Nusa Tenggara Timur","SMK","36 - 40",451
53,"Prov. Nusa Tenggara Timur","SMK","41 - 45",373
53,"Prov. Nusa Tenggara Timur","SMK","46 - 50",422
53,"Prov. Nusa Tenggara Timur","SMK","51 - 55",297
53,"Prov. Nusa Tenggara Timur","SMK","56 ke atas",163
53,"Prov. Nusa Tenggara Timur","SLB","30 ke bawah",29
53,"Prov. Nusa Tenggara Timur","SLB","31 - 35",14
53,"Prov. Nusa Tenggara Timur","SLB","36 - 40",20
53,"Prov. Nusa Tenggara Timur","SLB","41 - 45",30
53,"Prov. Nusa Tenggara Timur","SLB","46 - 50",40
53,"Prov. Nusa Tenggara Timur","SLB","51 - 55",8
53,"Prov. Nusa Tenggara Timur","SLB","56 ke atas",3
61,"Prov. Kalimantan Barat","TK","30 ke bawah",1
61,"Prov. Kalimantan Barat","TK","31 - 35",536
61,"Prov. Kalimantan Barat","TK","36 - 40",444
61,"Prov. Kalimantan Barat","TK","41 - 45",369
61,"Prov. Kalimantan Barat","TK","46 - 50",269
61,"Prov. Kalimantan Barat","TK","51 - 55",95
61,"Prov. Kalimantan Barat","TK","56 ke atas",65
61,"Prov. Kalimantan Barat","SD","30 ke bawah",3273
61,"Prov. Kalimantan Barat","SD","31 - 35",2187
61,"Prov. Kalimantan Barat","SD","36 - 40",2467
61,"Prov. Kalimantan Barat","SD","41 - 45",6186
61,"Prov. Kalimantan Barat","SD","46 - 50",8239
61,"Prov. Kalimantan Barat","SD","51 - 55",6555
61,"Prov. Kalimantan Barat","SD","56 ke atas",3557
61,"Prov. Kalimantan Barat","SMP","30 ke bawah",1429
61,"Prov. Kalimantan Barat","SMP","31 - 35",1299
61,"Prov. Kalimantan Barat","SMP","36 - 40",1159
61,"Prov. Kalimantan Barat","SMP","41 - 45",1682
61,"Prov. Kalimantan Barat","SMP","46 - 50",1762
61,"Prov. Kalimantan Barat","SMP","51 - 55",899
61,"Prov. Kalimantan Barat","SMP","56 ke atas",398
61,"Prov. Kalimantan Barat","SMA","30 ke bawah",711
61,"Prov. Kalimantan Barat","SMA","31 - 35",806
61,"Prov. Kalimantan Barat","SMA","36 - 40",700
61,"Prov. Kalimantan Barat","SMA","41 - 45",658
61,"Prov. Kalimantan Barat","SMA","46 - 50",590
61,"Prov. Kalimantan Barat","SMA","51 - 55",213
61,"Prov. Kalimantan Barat","SMA","56 ke atas",122
61,"Prov. Kalimantan Barat","SMK","30 ke bawah",378
61,"Prov. Kalimantan Barat","SMK","31 - 35",392
61,"Prov. Kalimantan Barat","SMK","36 - 40",347
61,"Prov. Kalimantan Barat","SMK","41 - 45",336
61,"Prov. Kalimantan Barat","SMK","46 - 50",312
61,"Prov. Kalimantan Barat","SMK","51 - 55",136
61,"Prov. Kalimantan Barat","SMK","56 ke atas",58
61,"Prov. Kalimantan Barat","SLB","30 ke bawah",8
61,"Prov. Kalimantan Barat","SLB","31 - 35",7
61,"Prov. Kalimantan Barat","SLB","36 - 40",6
61,"Prov. Kalimantan Barat","SLB","41 - 45",17
61,"Prov. Kalimantan Barat","SLB","46 - 50",14
61,"Prov. Kalimantan Barat","SLB","51 - 55",10
61,"Prov. Kalimantan Barat","SLB","56 ke atas",2
62,"Prov. Kalimantan Tengah","TK","30 ke bawah",1509
62,"Prov. Kalimantan Tengah","TK","31 - 35",984
62,"Prov. Kalimantan Tengah","TK","36 - 40",774
62,"Prov. Kalimantan Tengah","TK","41 - 45",641
62,"Prov. Kalimantan Tengah","TK","46 - 50",369
62,"Prov. Kalimantan Tengah","TK","51 - 55",186
62,"Prov. Kalimantan Tengah","TK","56 ke atas",93
62,"Prov. Kalimantan Tengah","SD","30 ke bawah",4929
62,"Prov. Kalimantan Tengah","SD","31 - 35",2750
62,"Prov. Kalimantan Tengah","SD","36 - 40",2605
62,"Prov. Kalimantan Tengah","SD","41 - 45",4987
62,"Prov. Kalimantan Tengah","SD","46 - 50",4712
62,"Prov. Kalimantan Tengah","SD","51 - 55",2655
62,"Prov. Kalimantan Tengah","SD","56 ke atas",1279
62,"Prov. Kalimantan Tengah","SMP","30 ke bawah",1427
62,"Prov. Kalimantan Tengah","SMP","31 - 35",1151
62,"Prov. Kalimantan Tengah","SMP","36 - 40",1078
62,"Prov. Kalimantan Tengah","SMP","41 - 45",1397
62,"Prov. Kalimantan Tengah","SMP","46 - 50",1132
62,"Prov. Kalimantan Tengah","SMP","51 - 55",415
62,"Prov. Kalimantan Tengah","SMP","56 ke atas",228
62,"Prov. Kalimantan Tengah","SMA","30 ke bawah",711
62,"Prov. Kalimantan Tengah","SMA","31 - 35",676
62,"Prov. Kalimantan Tengah","SMA","36 - 40",589
62,"Prov. Kalimantan Tengah","SMA","41 - 45",640
62,"Prov. Kalimantan Tengah","SMA","46 - 50",497
62,"Prov. Kalimantan Tengah","SMA","51 - 55",280
62,"Prov. Kalimantan Tengah","SMA","56 ke atas",94
62,"Prov. Kalimantan Tengah","SMK","30 ke bawah",419
62,"Prov. Kalimantan Tengah","SMK","31 - 35",381
62,"Prov. Kalimantan Tengah","SMK","36 - 40",288
62,"Prov. Kalimantan Tengah","SMK","41 - 45",206
62,"Prov. Kalimantan Tengah","SMK","46 - 50",242
62,"Prov. Kalimantan Tengah","SMK","51 - 55",114
62,"Prov. Kalimantan Tengah","SMK","56 ke atas",52
62,"Prov. Kalimantan Tengah","SLB","30 ke bawah",15
62,"Prov. Kalimantan Tengah","SLB","31 - 35",9
62,"Prov. Kalimantan Tengah","SLB","36 - 40",10
62,"Prov. Kalimantan Tengah","SLB","41 - 45",9
62,"Prov. Kalimantan Tengah","SLB","46 - 50",17
62,"Prov. Kalimantan Tengah","SLB","51 - 55",4
62,"Prov. Kalimantan Tengah","SLB","56 ke atas",4
63,"Prov. Kalimantan Selatan","TK","30 ke bawah",2392
63,"Prov. Kalimantan Selatan","TK","31 - 35",1366
63,"Prov. Kalimantan Selatan","TK","36 - 40",1493
63,"Prov. Kalimantan Selatan","TK","41 - 45",1245
63,"Prov. Kalimantan Selatan","TK","46 - 50",810
63,"Prov. Kalimantan Selatan","TK","51 - 55",304
63,"Prov. Kalimantan Selatan","TK","56 ke atas",151
63,"Prov. Kalimantan Selatan","SD","30 ke bawah",6931
63,"Prov. Kalimantan Selatan","SD","31 - 35",3078
63,"Prov. Kalimantan Selatan","SD","36 - 40",2466
63,"Prov. Kalimantan Selatan","SD","41 - 45",4539
63,"Prov. Kalimantan Selatan","SD","46 - 50",6140
63,"Prov. Kalimantan Selatan","SD","51 - 55",4704
63,"Prov. Kalimantan Selatan","SD","56 ke atas",3494
63,"Prov. Kalimantan Selatan","SMP","30 ke bawah",1458
63,"Prov. Kalimantan Selatan","SMP","31 - 35",1238
63,"Prov. Kalimantan Selatan","SMP","36 - 40",1267
63,"Prov. Kalimantan Selatan","SMP","41 - 45",1410
63,"Prov. Kalimantan Selatan","SMP","46 - 50",1631
63,"Prov. Kalimantan Selatan","SMP","51 - 55",1080
63,"Prov. Kalimantan Selatan","SMP","56 ke atas",466
63,"Prov. Kalimantan Selatan","SMA","30 ke bawah",635
63,"Prov. Kalimantan Selatan","SMA","31 - 35",636
63,"Prov. Kalimantan Selatan","SMA","36 - 40",518
63,"Prov. Kalimantan Selatan","SMA","41 - 45",637
63,"Prov. Kalimantan Selatan","SMA","46 - 50",513
63,"Prov. Kalimantan Selatan","SMA","51 - 55",361
63,"Prov. Kalimantan Selatan","SMA","56 ke atas",172
63,"Prov. Kalimantan Selatan","SMK","30 ke bawah",439
63,"Prov. Kalimantan Selatan","SMK","31 - 35",464
63,"Prov. Kalimantan Selatan","SMK","36 - 40",326
63,"Prov. Kalimantan Selatan","SMK","41 - 45",296
63,"Prov. Kalimantan Selatan","SMK","46 - 50",302
63,"Prov. Kalimantan Selatan","SMK","51 - 55",232
63,"Prov. Kalimantan Selatan","SMK","56 ke atas",113
63,"Prov. Kalimantan Selatan","SLB","30 ke bawah",8
63,"Prov. Kalimantan Selatan","SLB","31 - 35",10
63,"Prov. Kalimantan Selatan","SLB","36 - 40",9
63,"Prov. Kalimantan Selatan","SLB","41 - 45",26
63,"Prov. Kalimantan Selatan","SLB","46 - 50",21
63,"Prov. Kalimantan Selatan","SLB","51 - 55",13
63,"Prov. Kalimantan Selatan","SLB","56 ke atas",2
64,"Prov. Kalimantan Timur","TK","30 ke bawah",1790
64,"Prov. Kalimantan Timur","TK","31 - 35",1207
64,"Prov. Kalimantan Timur","TK","36 - 40",1005
64,"Prov. Kalimantan Timur","TK","41 - 45",871
64,"Prov. Kalimantan Timur","TK","46 - 50",457
64,"Prov. Kalimantan Timur","TK","51 - 55",144
64,"Prov. Kalimantan Timur","TK","56 ke atas",98
64,"Prov. Kalimantan Timur","SD","30 ke bawah",4555
64,"Prov. Kalimantan Timur","SD","31 - 35",3379
64,"Prov. Kalimantan Timur","SD","36 - 40",3344
64,"Prov. Kalimantan Timur","SD","41 - 45",6103
64,"Prov. Kalimantan Timur","SD","46 - 50",5961
64,"Prov. Kalimantan Timur","SD","51 - 55",3186
64,"Prov. Kalimantan Timur","SD","56 ke atas",1910
64,"Prov. Kalimantan Timur","SMP","30 ke bawah",1301
64,"Prov. Kalimantan Timur","SMP","31 - 35",1439
64,"Prov. Kalimantan Timur","SMP","36 - 40",1554
64,"Prov. Kalimantan Timur","SMP","41 - 45",2065
64,"Prov. Kalimantan Timur","SMP","46 - 50",2103
64,"Prov. Kalimantan Timur","SMP","51 - 55",787
64,"Prov. Kalimantan Timur","SMP","56 ke atas",268
64,"Prov. Kalimantan Timur","SMA","30 ke bawah",639
64,"Prov. Kalimantan Timur","SMA","31 - 35",791
64,"Prov. Kalimantan Timur","SMA","36 - 40",648
64,"Prov. Kalimantan Timur","SMA","41 - 45",911
64,"Prov. Kalimantan Timur","SMA","46 - 50",698
64,"Prov. Kalimantan Timur","SMA","51 - 55",287
64,"Prov. Kalimantan Timur","SMA","56 ke atas",134
64,"Prov. Kalimantan Timur","SMK","30 ke bawah",714
64,"Prov. Kalimantan Timur","SMK","31 - 35",653
64,"Prov. Kalimantan Timur","SMK","36 - 40",600
64,"Prov. Kalimantan Timur","SMK","41 - 45",617
64,"Prov. Kalimantan Timur","SMK","46 - 50",499
64,"Prov. Kalimantan Timur","SMK","51 - 55",195
64,"Prov. Kalimantan Timur","SMK","56 ke atas",97
64,"Prov. Kalimantan Timur","SLB","30 ke bawah",11
64,"Prov. Kalimantan Timur","SLB","31 - 35",22
64,"Prov. Kalimantan Timur","SLB","36 - 40",21
64,"Prov. Kalimantan Timur","SLB","41 - 45",41
64,"Prov. Kalimantan Timur","SLB","46 - 50",42
64,"Prov. Kalimantan Timur","SLB","51 - 55",10
64,"Prov. Kalimantan Timur","SLB","56 ke atas",4
71,"Prov. Sulawesi Utara","TK","30 ke bawah",493
71,"Prov. Sulawesi Utara","TK","31 - 35",557
71,"Prov. Sulawesi Utara","TK","36 - 40",671
71,"Prov. Sulawesi Utara","TK","41 - 45",1037
71,"Prov. Sulawesi Utara","TK","46 - 50",614
71,"Prov. Sulawesi Utara","TK","51 - 55",276
71,"Prov. Sulawesi Utara","TK","56 ke atas",227
71,"Prov. Sulawesi Utara","SD","30 ke bawah",1972
71,"Prov. Sulawesi Utara","SD","31 - 35",1422
71,"Prov. Sulawesi Utara","SD","36 - 40",1973
71,"Prov. Sulawesi Utara","SD","41 - 45",4516
71,"Prov. Sulawesi Utara","SD","46 - 50",4012
71,"Prov. Sulawesi Utara","SD","51 - 55",2424
71,"Prov. Sulawesi Utara","SD","56 ke atas",2820
71,"Prov. Sulawesi Utara","SMP","30 ke bawah",659
71,"Prov. Sulawesi Utara","SMP","31 - 35",731
71,"Prov. Sulawesi Utara","SMP","36 - 40",867
71,"Prov. Sulawesi Utara","SMP","41 - 45",1454
71,"Prov. Sulawesi Utara","SMP","46 - 50",1956
71,"Prov. Sulawesi Utara","SMP","51 - 55",1656
71,"Prov. Sulawesi Utara","SMP","56 ke atas",772
71,"Prov. Sulawesi Utara","SMA","30 ke bawah",321
71,"Prov. Sulawesi Utara","SMA","31 - 35",367
71,"Prov. Sulawesi Utara","SMA","36 - 40",452
71,"Prov. Sulawesi Utara","SMA","41 - 45",649
71,"Prov. Sulawesi Utara","SMA","46 - 50",840
71,"Prov. Sulawesi Utara","SMA","51 - 55",713
71,"Prov. Sulawesi Utara","SMA","56 ke atas",249
71,"Prov. Sulawesi Utara","SMK","30 ke bawah",201
71,"Prov. Sulawesi Utara","SMK","31 - 35",236
71,"Prov. Sulawesi Utara","SMK","36 - 40",251
71,"Prov. Sulawesi Utara","SMK","41 - 45",400
71,"Prov. Sulawesi Utara","SMK","46 - 50",468
71,"Prov. Sulawesi Utara","SMK","51 - 55",341
71,"Prov. Sulawesi Utara","SMK","56 ke atas",129
71,"Prov. Sulawesi Utara","SLB","30 ke bawah",4
71,"Prov. Sulawesi Utara","SLB","31 - 35",11
71,"Prov. Sulawesi Utara","SLB","36 - 40",20
71,"Prov. Sulawesi Utara","SLB","41 - 45",18
71,"Prov. Sulawesi Utara","SLB","46 - 50",27
71,"Prov. Sulawesi Utara","SLB","51 - 55",7
71,"Prov. Sulawesi Utara","SLB","56 ke atas",5
72,"Prov. Sulawesi Tengah","TK","30 ke bawah",778
72,"Prov. Sulawesi Tengah","TK","31 - 35",670
72,"Prov. Sulawesi Tengah","TK","36 - 40",706
72,"Prov. Sulawesi Tengah","TK","41 - 45",888
72,"Prov. Sulawesi Tengah","TK","46 - 50",547
72,"Prov. Sulawesi Tengah","TK","51 - 55",236
72,"Prov. Sulawesi Tengah","TK","56 ke atas",162
72,"Prov. Sulawesi Tengah","SD","30 ke bawah",4249
72,"Prov. Sulawesi Tengah","SD","31 - 35",2903
72,"Prov. Sulawesi Tengah","SD","36 - 40",2601
72,"Prov. Sulawesi Tengah","SD","41 - 45",5767
72,"Prov. Sulawesi Tengah","SD","46 - 50",4962
72,"Prov. Sulawesi Tengah","SD","51 - 55",2492
72,"Prov. Sulawesi Tengah","SD","56 ke atas",1811
72,"Prov. Sulawesi Tengah","SMP","30 ke bawah",544
72,"Prov. Sulawesi Tengah","SMP","31 - 35",877
72,"Prov. Sulawesi Tengah","SMP","36 - 40",1037
72,"Prov. Sulawesi Tengah","SMP","41 - 45",1815
72,"Prov. Sulawesi Tengah","SMP","46 - 50",1619
72,"Prov. Sulawesi Tengah","SMP","51 - 55",739
72,"Prov. Sulawesi Tengah","SMP","56 ke atas",268
72,"Prov. Sulawesi Tengah","SMA","30 ke bawah",318
72,"Prov. Sulawesi Tengah","SMA","31 - 35",513
72,"Prov. Sulawesi Tengah","SMA","36 - 40",562
72,"Prov. Sulawesi Tengah","SMA","41 - 45",647
72,"Prov. Sulawesi Tengah","SMA","46 - 50",670
72,"Prov. Sulawesi Tengah","SMA","51 - 55",262
72,"Prov. Sulawesi Tengah","SMA","56 ke atas",99
72,"Prov. Sulawesi Tengah","SMK","30 ke bawah",233
72,"Prov. Sulawesi Tengah","SMK","31 - 35",362
72,"Prov. Sulawesi Tengah","SMK","36 - 40",319
72,"Prov. Sulawesi Tengah","SMK","41 - 45",346
72,"Prov. Sulawesi Tengah","SMK","46 - 50",329
72,"Prov. Sulawesi Tengah","SMK","51 - 55",143
72,"Prov. Sulawesi Tengah","SMK","56 ke atas",49
72,"Prov. Sulawesi Tengah","SLB","30 ke bawah",1
72,"Prov. Sulawesi Tengah","SLB","31 - 35",3
72,"Prov. Sulawesi Tengah","SLB","36 - 40",7
72,"Prov. Sulawesi Tengah","SLB","41 - 45",18
72,"Prov. Sulawesi Tengah","SLB","46 - 50",27
72,"Prov. Sulawesi Tengah","SLB","51 - 55",4
72,"Prov. Sulawesi Tengah","SLB","56 ke atas",2
73,"Prov. Sulawesi Selatan","TK","30 ke bawah",2976
73,"Prov. Sulawesi Selatan","TK","31 - 35",2520
73,"Prov. Sulawesi Selatan","TK","36 - 40",2376
73,"Prov. Sulawesi Selatan","TK","41 - 45",2046
73,"Prov. Sulawesi Selatan","TK","46 - 50",1282
73,"Prov. Sulawesi Selatan","TK","51 - 55",606
73,"Prov. Sulawesi Selatan","TK","56 ke atas",356
73,"Prov. Sulawesi Selatan","SD","30 ke bawah",14289
73,"Prov. Sulawesi Selatan","SD","31 - 35",7815
73,"Prov. Sulawesi Selatan","SD","36 - 40",6485
73,"Prov. Sulawesi Selatan","SD","41 - 45",11133
73,"Prov. Sulawesi Selatan","SD","46 - 50",11515
73,"Prov. Sulawesi Selatan","SD","51 - 55",8223
73,"Prov. Sulawesi Selatan","SD","56 ke atas",5833
73,"Prov. Sulawesi Selatan","SMP","30 ke bawah",2532
73,"Prov. Sulawesi Selatan","SMP","31 - 35",3146
73,"Prov. Sulawesi Selatan","SMP","36 - 40",3141
73,"Prov. Sulawesi Selatan","SMP","41 - 45",4903
73,"Prov. Sulawesi Selatan","SMP","46 - 50",4875
73,"Prov. Sulawesi Selatan","SMP","51 - 55",2984
73,"Prov. Sulawesi Selatan","SMP","56 ke atas",1449
73,"Prov. Sulawesi Selatan","SMA","30 ke bawah",1121
73,"Prov. Sulawesi Selatan","SMA","31 - 35",1532
73,"Prov. Sulawesi Selatan","SMA","36 - 40",1623
73,"Prov. Sulawesi Selatan","SMA","41 - 45",2180
73,"Prov. Sulawesi Selatan","SMA","46 - 50",2107
73,"Prov. Sulawesi Selatan","SMA","51 - 55",1794
73,"Prov. Sulawesi Selatan","SMA","56 ke atas",923
73,"Prov. Sulawesi Selatan","SMK","30 ke bawah",642
73,"Prov. Sulawesi Selatan","SMK","31 - 35",928
73,"Prov. Sulawesi Selatan","SMK","36 - 40",831
73,"Prov. Sulawesi Selatan","SMK","41 - 45",845
73,"Prov. Sulawesi Selatan","SMK","46 - 50",1004
73,"Prov. Sulawesi Selatan","SMK","51 - 55",905
73,"Prov. Sulawesi Selatan","SMK","56 ke atas",354
73,"Prov. Sulawesi Selatan","SLB","30 ke bawah",5
73,"Prov. Sulawesi Selatan","SLB","31 - 35",6
73,"Prov. Sulawesi Selatan","SLB","36 - 40",30
73,"Prov. Sulawesi Selatan","SLB","41 - 45",76
73,"Prov. Sulawesi Selatan","SLB","46 - 50",163
73,"Prov. Sulawesi Selatan","SLB","51 - 55",36
73,"Prov. Sulawesi Selatan","SLB","56 ke atas",10
74,"Prov. Sulawesi Tenggara","TK","30 ke bawah",1487
74,"Prov. Sulawesi Tenggara","TK","31 - 35",918
74,"Prov. Sulawesi Tenggara","TK","36 - 40",782
74,"Prov. Sulawesi Tenggara","TK","41 - 45",736
74,"Prov. Sulawesi Tenggara","TK","46 - 50",434
74,"Prov. Sulawesi Tenggara","TK","51 - 55",277
74,"Prov. Sulawesi Tenggara","TK","56 ke atas",167
74,"Prov. Sulawesi Tenggara","SD","30 ke bawah",5957
74,"Prov. Sulawesi Tenggara","SD","31 - 35",2929
74,"Prov. Sulawesi Tenggara","SD","36 - 40",2734
74,"Prov. Sulawesi Tenggara","SD","41 - 45",4279
74,"Prov. Sulawesi Tenggara","SD","46 - 50",3377
74,"Prov. Sulawesi Tenggara","SD","51 - 55",2824
74,"Prov. Sulawesi Tenggara","SD","56 ke atas",1888
74,"Prov. Sulawesi Tenggara","SMP","30 ke bawah",802
74,"Prov. Sulawesi Tenggara","SMP","31 - 35",1146
74,"Prov. Sulawesi Tenggara","SMP","36 - 40",1625
74,"Prov. Sulawesi Tenggara","SMP","41 - 45",1900
74,"Prov. Sulawesi Tenggara","SMP","46 - 50",1329
74,"Prov. Sulawesi Tenggara","SMP","51 - 55",770
74,"Prov. Sulawesi Tenggara","SMP","56 ke atas",439
74,"Prov. Sulawesi Tenggara","SMA","30 ke bawah",471
74,"Prov. Sulawesi Tenggara","SMA","31 - 35",878
74,"Prov. Sulawesi Tenggara","SMA","36 - 40",1064
74,"Prov. Sulawesi Tenggara","SMA","41 - 45",959
74,"Prov. Sulawesi Tenggara","SMA","46 - 50",704
74,"Prov. Sulawesi Tenggara","SMA","51 - 55",281
74,"Prov. Sulawesi Tenggara","SMA","56 ke atas",129
74,"Prov. Sulawesi Tenggara","SMK","30 ke bawah",208
74,"Prov. Sulawesi Tenggara","SMK","31 - 35",358
74,"Prov. Sulawesi Tenggara","SMK","36 - 40",326
74,"Prov. Sulawesi Tenggara","SMK","41 - 45",258
74,"Prov. Sulawesi Tenggara","SMK","46 - 50",240
74,"Prov. Sulawesi Tenggara","SMK","51 - 55",91
74,"Prov. Sulawesi Tenggara","SMK","56 ke atas",56
74,"Prov. Sulawesi Tenggara","SLB","30 ke bawah",3
74,"Prov. Sulawesi Tenggara","SLB","31 - 35",4
74,"Prov. Sulawesi Tenggara","SLB","36 - 40",22
74,"Prov. Sulawesi Tenggara","SLB","41 - 45",36
74,"Prov. Sulawesi Tenggara","SLB","46 - 50",13
74,"Prov. Sulawesi Tenggara","SLB","51 - 55",6
74,"Prov. Sulawesi Tenggara","SLB","56 ke atas",3
75,"Prov. Gorontalo","TK","30 ke bawah",576
75,"Prov. Gorontalo","TK","31 - 35",441
75,"Prov. Gorontalo","TK","36 - 40",495
75,"Prov. Gorontalo","TK","41 - 45",504
75,"Prov. Gorontalo","TK","46 - 50",316
75,"Prov. Gorontalo","TK","51 - 55",88
75,"Prov. Gorontalo","TK","56 ke atas",33
75,"Prov. Gorontalo","SD","30 ke bawah",1731
75,"Prov. Gorontalo","SD","31 - 35",954
75,"Prov. Gorontalo","SD","36 - 40",1037
75,"Prov. Gorontalo","SD","41 - 45",1880
75,"Prov. Gorontalo","SD","46 - 50",1428
75,"Prov. Gorontalo","SD","51 - 55",921
75,"Prov. Gorontalo","SD","56 ke atas",1056
75,"Prov. Gorontalo","SMP","30 ke bawah",509
75,"Prov. Gorontalo","SMP","31 - 35",502
75,"Prov. Gorontalo","SMP","36 - 40",422
75,"Prov. Gorontalo","SMP","41 - 45",645
75,"Prov. Gorontalo","SMP","46 - 50",677
75,"Prov. Gorontalo","SMP","51 - 55",591
75,"Prov. Gorontalo","SMP","56 ke atas",158
75,"Prov. Gorontalo","SMA","30 ke bawah",175
75,"Prov. Gorontalo","SMA","31 - 35",225
75,"Prov. Gorontalo","SMA","36 - 40",201
75,"Prov. Gorontalo","SMA","41 - 45",236
75,"Prov. Gorontalo","SMA","46 - 50",197
75,"Prov. Gorontalo","SMA","51 - 55",192
75,"Prov. Gorontalo","SMA","56 ke atas",68
75,"Prov. Gorontalo","SMK","30 ke bawah",205
75,"Prov. Gorontalo","SMK","31 - 35",193
75,"Prov. Gorontalo","SMK","36 - 40",151
75,"Prov. Gorontalo","SMK","41 - 45",183
75,"Prov. Gorontalo","SMK","46 - 50",160
75,"Prov. Gorontalo","SMK","51 - 55",100
75,"Prov. Gorontalo","SMK","56 ke atas",34
75,"Prov. Gorontalo","SLB","30 ke bawah",7
75,"Prov. Gorontalo","SLB","31 - 35",1
75,"Prov. Gorontalo","SLB","36 - 40",2
75,"Prov. Gorontalo","SLB","41 - 45",4
75,"Prov. Gorontalo","SLB","46 - 50",7
75,"Prov. Gorontalo","SLB","51 - 55",3
75,"Prov. Gorontalo","SLB","56 ke atas",1
76,"Prov. Sulawesi Barat","TK","30 ke bawah",418
76,"Prov. Sulawesi Barat","TK","31 - 35",403
76,"Prov. Sulawesi Barat","TK","36 - 40",322
76,"Prov. Sulawesi Barat","TK","41 - 45",323
76,"Prov. Sulawesi Barat","TK","46 - 50",192
76,"Prov. Sulawesi Barat","TK","51 - 55",119
76,"Prov. Sulawesi Barat","TK","56 ke atas",40
76,"Prov. Sulawesi Barat","SD","30 ke bawah",2212
76,"Prov. Sulawesi Barat","SD","31 - 35",1797
76,"Prov. Sulawesi Barat","SD","36 - 40",1592
76,"Prov. Sulawesi Barat","SD","41 - 45",2195
76,"Prov. Sulawesi Barat","SD","46 - 50",1677
76,"Prov. Sulawesi Barat","SD","51 - 55",1041
76,"Prov. Sulawesi Barat","SD","56 ke atas",817
76,"Prov. Sulawesi Barat","SMP","30 ke bawah",538
76,"Prov. Sulawesi Barat","SMP","31 - 35",592
76,"Prov. Sulawesi Barat","SMP","36 - 40",549
76,"Prov. Sulawesi Barat","SMP","41 - 45",610
76,"Prov. Sulawesi Barat","SMP","46 - 50",470
76,"Prov. Sulawesi Barat","SMP","51 - 55",277
76,"Prov. Sulawesi Barat","SMP","56 ke atas",82
76,"Prov. Sulawesi Barat","SMA","30 ke bawah",159
76,"Prov. Sulawesi Barat","SMA","31 - 35",223
76,"Prov. Sulawesi Barat","SMA","36 - 40",200
76,"Prov. Sulawesi Barat","SMA","41 - 45",233
76,"Prov. Sulawesi Barat","SMA","46 - 50",151
76,"Prov. Sulawesi Barat","SMA","51 - 55",125
76,"Prov. Sulawesi Barat","SMA","56 ke atas",46
76,"Prov. Sulawesi Barat","SMK","30 ke bawah",135
76,"Prov. Sulawesi Barat","SMK","31 - 35",187
76,"Prov. Sulawesi Barat","SMK","36 - 40",147
76,"Prov. Sulawesi Barat","SMK","41 - 45",121
76,"Prov. Sulawesi Barat","SMK","46 - 50",79
76,"Prov. Sulawesi Barat","SMK","51 - 55",48
76,"Prov. Sulawesi Barat","SMK","56 ke atas",19
76,"Prov. Sulawesi Barat","SLB","30 ke bawah",
76,"Prov. Sulawesi Barat","SLB","31 - 35",4
76,"Prov. Sulawesi Barat","SLB","36 - 40",4
76,"Prov. Sulawesi Barat","SLB","41 - 45",11
76,"Prov. Sulawesi Barat","SLB","46 - 50",7
76,"Prov. Sulawesi Barat","SLB","51 - 55",2
76,"Prov. Sulawesi Barat","SLB","56 ke atas",
81,"Prov. Maluku","TK","30 ke bawah",319
81,"Prov. Maluku","TK","31 - 35",277
81,"Prov. Maluku","TK","36 - 40",221
81,"Prov. Maluku","TK","41 - 45",213
81,"Prov. Maluku","TK","46 - 50",174
81,"Prov. Maluku","TK","51 - 55",70
81,"Prov. Maluku","TK","56 ke atas",33
81,"Prov. Maluku","SD","30 ke bawah",2529
81,"Prov. Maluku","SD","31 - 35",2199
81,"Prov. Maluku","SD","36 - 40",1886
81,"Prov. Maluku","SD","41 - 45",4023
81,"Prov. Maluku","SD","46 - 50",3020
81,"Prov. Maluku","SD","51 - 55",1924
81,"Prov. Maluku","SD","56 ke atas",1434
81,"Prov. Maluku","SMP","30 ke bawah",632
81,"Prov. Maluku","SMP","31 - 35",760
81,"Prov. Maluku","SMP","36 - 40",734
81,"Prov. Maluku","SMP","41 - 45",982
81,"Prov. Maluku","SMP","46 - 50",1280
81,"Prov. Maluku","SMP","51 - 55",1011
81,"Prov. Maluku","SMP","56 ke atas",690
81,"Prov. Maluku","SMA","30 ke bawah",458
81,"Prov. Maluku","SMA","31 - 35",648
81,"Prov. Maluku","SMA","36 - 40",787
81,"Prov. Maluku","SMA","41 - 45",621
81,"Prov. Maluku","SMA","46 - 50",610
81,"Prov. Maluku","SMA","51 - 55",350
81,"Prov. Maluku","SMA","56 ke atas",191
81,"Prov. Maluku","SMK","30 ke bawah",207
81,"Prov. Maluku","SMK","31 - 35",273
81,"Prov. Maluku","SMK","36 - 40",277
81,"Prov. Maluku","SMK","41 - 45",186
81,"Prov. Maluku","SMK","46 - 50",155
81,"Prov. Maluku","SMK","51 - 55",134
81,"Prov. Maluku","SMK","56 ke atas",114
81,"Prov. Maluku","SLB","30 ke bawah",7
81,"Prov. Maluku","SLB","31 - 35",4
81,"Prov. Maluku","SLB","36 - 40",3
81,"Prov. Maluku","SLB","41 - 45",5
81,"Prov. Maluku","SLB","46 - 50",14
81,"Prov. Maluku","SLB","51 - 55",7
81,"Prov. Maluku","SLB","56 ke atas",4
82,"Prov. Maluku Utara","TK","30 ke bawah",402
82,"Prov. Maluku Utara","TK","31 - 35",211
82,"Prov. Maluku Utara","TK","36 - 40",248
82,"Prov. Maluku Utara","TK","41 - 45",120
82,"Prov. Maluku Utara","TK","46 - 50",91
82,"Prov. Maluku Utara","TK","51 - 55",38
82,"Prov. Maluku Utara","TK","56 ke atas",45
82,"Prov. Maluku Utara","SD","30 ke bawah",1959
82,"Prov. Maluku Utara","SD","31 - 35",1439
82,"Prov. Maluku Utara","SD","36 - 40",1136
82,"Prov. Maluku Utara","SD","41 - 45",1608
82,"Prov. Maluku Utara","SD","46 - 50",1133
82,"Prov. Maluku Utara","SD","51 - 55",825
82,"Prov. Maluku Utara","SD","56 ke atas",788
82,"Prov. Maluku Utara","SMP","30 ke bawah",512
82,"Prov. Maluku Utara","SMP","31 - 35",802
82,"Prov. Maluku Utara","SMP","36 - 40",554
82,"Prov. Maluku Utara","SMP","41 - 45",581
82,"Prov. Maluku Utara","SMP","46 - 50",417
82,"Prov. Maluku Utara","SMP","51 - 55",181
82,"Prov. Maluku Utara","SMP","56 ke atas",94
82,"Prov. Maluku Utara","SMA","30 ke bawah",330
82,"Prov. Maluku Utara","SMA","31 - 35",525
82,"Prov. Maluku Utara","SMA","36 - 40",368
82,"Prov. Maluku Utara","SMA","41 - 45",337
82,"Prov. Maluku Utara","SMA","46 - 50",231
82,"Prov. Maluku Utara","SMA","51 - 55",93
82,"Prov. Maluku Utara","SMA","56 ke atas",45
82,"Prov. Maluku Utara","SMK","30 ke bawah",202
82,"Prov. Maluku Utara","SMK","31 - 35",216
82,"Prov. Maluku Utara","SMK","36 - 40",150
82,"Prov. Maluku Utara","SMK","41 - 45",115
82,"Prov. Maluku Utara","SMK","46 - 50",99
82,"Prov. Maluku Utara","SMK","51 - 55",34
82,"Prov. Maluku Utara","SMK","56 ke atas",5
82,"Prov. Maluku Utara","SLB","30 ke bawah",3
82,"Prov. Maluku Utara","SLB","31 - 35",5
82,"Prov. Maluku Utara","SLB","36 - 40",10
82,"Prov. Maluku Utara","SLB","41 - 45",10
82,"Prov. Maluku Utara","SLB","46 - 50",8
82,"Prov. Maluku Utara","SLB","51 - 55",6
82,"Prov. Maluku Utara","SLB","56 ke atas",2
91,"Prov. Papua Barat","TK","30 ke bawah",130
91,"Prov. Papua Barat","TK","31 - 35",156
91,"Prov. Papua Barat","TK","36 - 40",113
91,"Prov. Papua Barat","TK","41 - 45",149
91,"Prov. Papua Barat","TK","46 - 50",64
91,"Prov. Papua Barat","TK","51 - 55",16
91,"Prov. Papua Barat","TK","56 ke atas",21
91,"Prov. Papua Barat","SD","30 ke bawah",567
91,"Prov. Papua Barat","SD","31 - 35",545
91,"Prov. Papua Barat","SD","36 - 40",524
91,"Prov. Papua Barat","SD","41 - 45",1417
91,"Prov. Papua Barat","SD","46 - 50",1052
91,"Prov. Papua Barat","SD","51 - 55",492
91,"Prov. Papua Barat","SD","56 ke atas",766
91,"Prov. Papua Barat","SMP","30 ke bawah",216
91,"Prov. Papua Barat","SMP","31 - 35",393
91,"Prov. Papua Barat","SMP","36 - 40",359
91,"Prov. Papua Barat","SMP","41 - 45",500
91,"Prov. Papua Barat","SMP","46 - 50",421
91,"Prov. Papua Barat","SMP","51 - 55",168
91,"Prov. Papua Barat","SMP","56 ke atas",79
91,"Prov. Papua Barat","SMA","30 ke bawah",138
91,"Prov. Papua Barat","SMA","31 - 35",252
91,"Prov. Papua Barat","SMA","36 - 40",278
91,"Prov. Papua Barat","SMA","41 - 45",237
91,"Prov. Papua Barat","SMA","46 - 50",215
91,"Prov. Papua Barat","SMA","51 - 55",64
91,"Prov. Papua Barat","SMA","56 ke atas",22
91,"Prov. Papua Barat","SMK","30 ke bawah",63
91,"Prov. Papua Barat","SMK","31 - 35",115
91,"Prov. Papua Barat","SMK","36 - 40",130
91,"Prov. Papua Barat","SMK","41 - 45",111
91,"Prov. Papua Barat","SMK","46 - 50",91
91,"Prov. Papua Barat","SMK","51 - 55",36
91,"Prov. Papua Barat","SMK","56 ke atas",15
91,"Prov. Papua Barat","SLB","30 ke bawah",
91,"Prov. Papua Barat","SLB","31 - 35",
91,"Prov. Papua Barat","SLB","36 - 40",
91,"Prov. Papua Barat","SLB","41 - 45",
91,"Prov. Papua Barat","SLB","46 - 50",
91,"Prov. Papua Barat","SLB","51 - 55",
91,"Prov. Papua Barat","SLB","56 ke atas",
94,"Prov. Papua","TK","30 ke bawah",377
94,"Prov. Papua","TK","31 - 35",334
94,"Prov. Papua","TK","36 - 40",309
94,"Prov. Papua","TK","41 - 45",329
94,"Prov. Papua","TK","46 - 50",163
94,"Prov. Papua","TK","51 - 55",61
94,"Prov. Papua","TK","56 ke atas",32
94,"Prov. Papua","SD","30 ke bawah",1330
94,"Prov. Papua","SD","31 - 35",1238
94,"Prov. Papua","SD","36 - 40",1634
94,"Prov. Papua","SD","41 - 45",3603
94,"Prov. Papua","SD","46 - 50",2852
94,"Prov. Papua","SD","51 - 55",1110
94,"Prov. Papua","SD","56 ke atas",1401
94,"Prov. Papua","SMP","30 ke bawah",550
94,"Prov. Papua","SMP","31 - 35",1027
94,"Prov. Papua","SMP","36 - 40",999
94,"Prov. Papua","SMP","41 - 45",1225
94,"Prov. Papua","SMP","46 - 50",808
94,"Prov. Papua","SMP","51 - 55",303
94,"Prov. Papua","SMP","56 ke atas",173
94,"Prov. Papua","SMA","30 ke bawah",359
94,"Prov. Papua","SMA","31 - 35",661
94,"Prov. Papua","SMA","36 - 40",566
94,"Prov. Papua","SMA","41 - 45",600
94,"Prov. Papua","SMA","46 - 50",378
94,"Prov. Papua","SMA","51 - 55",146
94,"Prov. Papua","SMA","56 ke atas",76
94,"Prov. Papua","SMK","30 ke bawah",218
94,"Prov. Papua","SMK","31 - 35",394
94,"Prov. Papua","SMK","36 - 40",409
94,"Prov. Papua","SMK","41 - 45",332
94,"Prov. Papua","SMK","46 - 50",225
94,"Prov. Papua","SMK","51 - 55",63
94,"Prov. Papua","SMK","56 ke atas",33
94,"Prov. Papua","SLB","30 ke bawah",4
94,"Prov. Papua","SLB","31 - 35",2
94,"Prov. Papua","SLB","36 - 40",4
94,"Prov. Papua","SLB","41 - 45",12
94,"Prov. Papua","SLB","46 - 50",12
94,"Prov. Papua","SLB","51 - 55",3
94,"Prov. Papua","SLB","56 ke atas",1
